"","year","state","population","total_incident","annualprop"
"1","2005","Alabama",455247,0,0
"2","2005","Alaska",276109,4,1.44870322952167
"3","2005","Arizona",4202942,138,3.28341433215115
"4","2005","Arkansas",1703545,134,7.86595012165807
"5","2005","California",36132147,1379,3.81654596943824
"6","2005","Colorado",4517158,125,2.76722665003084
"7","2005","Connecticut",3428766,95,2.7706760974648
"8","2005","Delaware",843524,45,5.33476225928367
"9","2005","District of Columbia",550521,48,8.71901344362885
"10","2005","Florida",17744135,231,1.30183860751736
"11","2005","Georgia",1925691,17,0.882799992314447
"12","2005","Idaho",1425914,33,2.31430507029176
"13","2005","Illinois",5047250,168,3.32854524741196
"14","2005","Indiana",3933013,54,1.37299317342709
"15","2005","Iowa",2935183,37,1.26056876181144
"16","2005","Kansas",2048283,72,3.51513926542377
"17","2005","Kentucky",3744693,44,1.1749961879385
"18","2005","Louisiana",3248124,17,0.523379033559064
"19","2005","Maine",1321505,57,4.31326404364721
"20","2005","Maryland",5600388,195,3.48190161110266
"21","2005","Massachusetts",5665124,371,6.54884164936196
"22","2005","Michigan",9997261,640,6.40175344026729
"23","2005","Minnesota",4922821,206,4.18459253342748
"24","2005","Mississippi",866704,0,0
"25","2005","Missouri",3525724,78,2.21231157061642
"26","2005","Montana",935422,65,6.94873543705408
"27","2005","Nebraska",1436768,71,4.94164680727856
"28","2005","Nevada",2414807,77,3.18866062588025
"29","2005","New Hampshire",1019459,32,3.13891976038271
"30","2005","New Jersey",8717925,738,8.4653171482893
"31","2005","New Mexico",1222522,18,1.47236614146821
"32","2005","New York",7869264,249,3.16420951184253
"33","2005","North Carolina",8457849,89,1.05227700329008
"34","2005","North Dakota",568522,12,2.11073625998642
"35","2005","Ohio",8702176,176,2.0224826526147
"36","2005","Oklahoma",3547884,41,1.15561839113116
"37","2005","Oregon",3636515,137,3.76734318433995
"38","2005","Pennsylvania",11564862,118,1.02033210599487
"39","2005","Rhode Island",1076189,15,1.39380722159398
"40","2005","South Carolina",4254373,98,2.30351217441442
"41","2005","South Dakota",533343,9,1.68746941461686
"42","2005","Tennessee",5962959,128,2.14658527754425
"43","2005","Texas",22839807,264,1.15587666743419
"44","2005","Utah",2433318,44,1.80823057241183
"45","2005","Vermont",602314,32,5.31284346702883
"46","2005","Virginia",7517151,295,3.92435910892305
"47","2005","Washington",6281630,171,2.72222337195919
"48","2005","West Virginia",1679815,47,2.79792715269241
"49","2005","Wisconsin",5289551,46,0.869639029853384
"50","2005","Wyoming",380216,3,0.789025185683927
"51","2006","Alabama",693540,1,0.144187790177928
"52","2006","Alaska",284014,6,2.11257191546896
"53","2006","Arizona",5889288,149,2.53001721090903
"54","2006","Arkansas",2739473,113,4.12488095338045
"55","2006","California",36457549,1297,3.55756224863059
"56","2006","Colorado",4724991,138,2.92064048375965
"57","2006","Connecticut",3504130,131,3.73844577684047
"58","2006","Delaware",853476,48,5.62405972751431
"59","2006","District of Columbia",581530,57,9.80172991935068
"60","2006","Florida",18045007,216,1.19700701695488
"61","2006","Georgia",1145950,13,1.13442994895065
"62","2006","Idaho",1460666,23,1.5746241782858
"63","2006","Illinois",5264133,156,2.96345096144037
"64","2006","Indiana",2796935,39,1.39438349478983
"65","2006","Iowa",2929952,28,0.955647054968819
"66","2006","Kansas",2135498,109,5.10419583628737
"67","2006","Kentucky",3731141,64,1.71529298946354
"68","2006","Louisiana",2291563,22,0.960043428873655
"69","2006","Maine",1321574,59,4.46437354245771
"70","2006","Maryland",5615727,212,3.77511228733163
"71","2006","Massachusetts",6040017,379,6.27481677617795
"72","2006","Michigan",9981189,653,6.54230673319582
"73","2006","Minnesota",4306199,137,3.18146003006364
"74","2006","Mississippi",830449,0,0
"75","2006","Missouri",3532150,78,2.20828673753946
"76","2006","Montana",923589,24,2.59855844970003
"77","2006","Nebraska",1472246,56,3.80371215136601
"78","2006","Nevada",2495529,125,5.00895802052391
"79","2006","New Hampshire",987279,34,3.44380869034994
"80","2006","New Jersey",8724560,759,8.69957911917621
"81","2006","New Mexico",1220005,20,1.63933754369859
"82","2006","New York",15094282,522,3.45826320191977
"83","2006","North Carolina",8381485,100,1.19310599494004
"84","2006","North Dakota",570642,16,2.80385951261912
"85","2006","Ohio",8638061,300,3.47300163775181
"86","2006","Oklahoma",3568374,51,1.42922238532172
"87","2006","Oregon",3697193,141,3.81370407225157
"88","2006","Pennsylvania",11740668,97,0.826188084017025
"89","2006","Rhode Island",1067610,19,1.77967609894999
"90","2006","South Carolina",4318330,110,2.54728100909379
"91","2006","South Dakota",599756,76,12.6718198734152
"92","2006","Tennessee",6036872,202,3.34610374379314
"93","2006","Texas",23483201,245,1.04329899488575
"94","2006","Utah",2516523,35,1.39080787260836
"95","2006","Vermont",612273,21,3.42984257022603
"96","2006","Virginia",7621121,341,4.47440737392832
"97","2006","Washington",6393124,177,2.76859951410296
"98","2006","West Virginia",1707846,34,1.99081181792738
"99","2006","Wisconsin",5556506,84,1.5117413712862
"100","2006","Wyoming",503327,5,0.993389983052767
"101","2007","Alabama",2388398,6,0.251214412338312
"102","2007","Alaska",284142,8,2.81549366161989
"103","2007","Arizona",5754940,161,2.79759649970286
"104","2007","Arkansas",2765195,33,1.19340589000052
"105","2007","California",36553215,1400,3.83003246089297
"106","2007","Colorado",4733294,156,3.29580203553804
"107","2007","Connecticut",3502309,127,3.62617918635963
"108","2007","Delaware",853712,49,5.73964053451281
"109","2007","District of Columbia",588292,41,6.96932815676569
"110","2007","Florida",18152012,166,0.914499175077672
"111","2007","Georgia",680591,13,1.91010460026653
"112","2007","Idaho",1497812,38,2.53703402029093
"113","2007","Illinois",4945770,167,3.37662285144679
"114","2007","Indiana",2899537,40,1.37953059402242
"115","2007","Iowa",2951927,27,0.914656764886124
"116","2007","Kansas",2137765,110,5.1455609012216
"117","2007","Kentucky",3841157,48,1.24962348584033
"118","2007","Louisiana",2514916,31,1.23264554362849
"119","2007","Maine",1317207,72,5.4661112490292
"120","2007","Maryland",5618344,150,2.66982584192068
"121","2007","Massachusetts",6272474,353,5.6277634630291
"122","2007","Michigan",9931655,627,6.31314720456963
"123","2007","Minnesota",5196856,157,3.02105734698056
"124","2007","Mississippi",704703,0,0
"125","2007","Missouri",5699738,114,2.0000919340503
"126","2007","Montana",944103,21,2.2243335737732
"127","2007","Nebraska",1267389,44,3.47170442539741
"128","2007","Nevada",2526861,63,2.49321193369956
"129","2007","New Hampshire",1021621,43,4.20899727002479
"130","2007","New Jersey",8684873,748,8.61267631662547
"131","2007","New Mexico",1173881,14,1.19262514684197
"132","2007","New York",15335616,493,3.21473881453474
"133","2007","North Carolina",7421793,75,1.01053748063305
"134","2007","North Dakota",578781,14,2.41887691544816
"135","2007","Ohio",8698569,312,3.58679686279433
"136","2007","Oklahoma",3617316,30,0.829344187790063
"137","2007","Oregon",3743591,170,4.54109436634504
"138","2007","Pennsylvania",12075298,83,0.687353637152474
"139","2007","Rhode Island",1057832,47,4.44304955796384
"140","2007","South Carolina",4407709,127,2.88131544074257
"141","2007","South Dakota",672329,37,5.5032580775186
"142","2007","Tennessee",6156260,239,3.88222719638222
"143","2007","Texas",23879373,242,1.0134269438314
"144","2007","Utah",2619834,55,2.09936965471858
"145","2007","Vermont",610907,21,3.43751176529324
"146","2007","Virginia",7710349,323,4.1891748350172
"147","2007","Washington",6437315,195,3.02921326671135
"148","2007","West Virginia",1686872,44,2.6083781104909
"149","2007","Wisconsin",5599350,69,1.23228589032656
"150","2007","Wyoming",516189,21,4.06827731702923
"151","2008","Alabama",2802524,11,0.392503329141874
"152","2008","Alaska",286625,8,2.79110335804623
"153","2008","Arizona",6438728,185,2.87323831663645
"154","2008","Arkansas",2767575,91,3.2880771072148
"155","2008","California",36756666,1381,3.75714162976588
"156","2008","Colorado",4803326,149,3.10201722722963
"157","2008","Connecticut",3501252,164,4.68403873814281
"158","2008","Delaware",873092,58,6.6430570890582
"159","2008","District of Columbia",591833,42,7.09659650610899
"160","2008","Florida",18235592,153,0.839018552290488
"161","2008","Georgia",554193,9,1.62398298065836
"162","2008","Idaho",1519264,30,1.97464035217052
"163","2008","Illinois",8048213,120,1.4910142164478
"164","2008","Indiana",3062775,61,1.9916578919444
"165","2008","Iowa",2974039,33,1.10960212693916
"166","2008","Kansas",2311956,113,4.88763626989441
"167","2008","Kentucky",3821826,64,1.67459219755164
"168","2008","Louisiana",2445629,67,2.7395815146124
"169","2008","Maine",1316456,63,4.78557581871327
"170","2008","Maryland",5633597,100,1.77506484755654
"171","2008","Massachusetts",6397091,333,5.20549105835762
"172","2008","Michigan",9754100,560,5.74117550568479
"173","2008","Minnesota",4304347,164,3.81010174133266
"174","2008","Mississippi",752395,4,0.531635643511719
"175","2008","Missouri",5904517,99,1.67668244498238
"176","2008","Montana",957438,24,2.50668972821217
"177","2008","Nebraska",808954,11,1.3597806550187
"178","2008","Nevada",2600167,94,3.61515241136435
"179","2008","New Hampshire",1137387,44,3.86851616907877
"180","2008","New Jersey",8676494,744,8.57489211656229
"181","2008","New Mexico",1186698,9,0.758406940940323
"182","2008","New York",17526925,570,3.25213920867465
"183","2008","North Carolina",9128679,124,1.35835645004058
"184","2008","North Dakota",601003,16,2.66221632837107
"185","2008","Ohio",9071197,345,3.80324669390379
"186","2008","Oklahoma",3642361,51,1.40019070048246
"187","2008","Oregon",3775490,187,4.95299947821342
"188","2008","Pennsylvania",12275966,68,0.553927894554286
"189","2008","Rhode Island",1050788,35,3.33083362200558
"190","2008","South Carolina",4478308,153,3.4164688985215
"191","2008","South Dakota",687383,42,6.11013074224995
"192","2008","Tennessee",6214418,255,4.10336092615592
"193","2008","Texas",24305393,246,1.0121210547799
"194","2008","Utah",2693947,40,1.48481020599143
"195","2008","Vermont",606685,20,3.29660367406479
"196","2008","Virginia",7767843,263,3.38575329084277
"197","2008","Washington",6538142,239,3.65547276275125
"198","2008","West Virginia",1636800,43,2.62707722385142
"199","2008","Wisconsin",5627967,92,1.63469330932466
"200","2008","Wyoming",528009,6,1.13634426685909
"201","2009","Alabama",3211336,9,0.280257188908292
"202","2009","Alaska",289884,9,3.10469015192284
"203","2009","Arizona",6506963,219,3.3656254077363
"204","2009","Arkansas",2717288,74,2.72330352910696
"205","2009","California",36961664,1015,2.74608848779103
"206","2009","Colorado",4952740,208,4.19969552207465
"207","2009","Connecticut",3518288,198,5.62773712669344
"208","2009","Delaware",885122,37,4.18021470486554
"209","2009","District of Columbia",599657,36,6.00343196193824
"210","2009","Florida",18445281,130,0.704787311182736
"211","2009","Georgia",7791562,11,0.141178367059134
"212","2009","Idaho",1543741,35,2.26721969553183
"213","2009","Illinois",8493832,129,1.51874913466619
"214","2009","Indiana",3735359,55,1.47241536891099
"215","2009","Iowa",2979710,18,0.604085632494437
"216","2009","Kansas",2195030,122,5.55801059666611
"217","2009","Kentucky",3213237,150,4.66818974137295
"218","2009","Louisiana",2613140,13,0.497485783387036
"219","2009","Maine",1318301,50,3.79276053040997
"220","2009","Maryland",5699478,102,1.78963757733603
"221","2009","Massachusetts",6375433,322,5.05063734494583
"222","2009","Michigan",9837274,314,3.19194118207951
"223","2009","Minnesota",2563655,153,5.96804172168252
"224","2009","Mississippi",827707,2,0.241631398550453
"225","2009","Missouri",5978668,124,2.07404057224787
"226","2009","Montana",968253,28,2.8918061704947
"227","2009","Nebraska",1521548,78,5.12635815629872
"228","2009","Nevada",2279796,48,2.10545154040098
"229","2009","New Hampshire",1160414,24,2.06822737402341
"230","2009","New Jersey",8695567,549,6.31356184133824
"231","2009","New Mexico",1136341,15,1.32002629492379
"232","2009","New York",18703702,626,3.34693099793827
"233","2009","North Carolina",9378135,103,1.09829939534886
"234","2009","North Dakota",614661,14,2.27767826492977
"235","2009","Ohio",9477815,297,3.13363364868379
"236","2009","Oklahoma",3682123,59,1.60233647816762
"237","2009","Oregon",2384990,130,5.45075660694594
"238","2009","Pennsylvania",12538883,46,0.366858834235873
"239","2009","Rhode Island",1053209,36,3.41812498753809
"240","2009","South Carolina",4554167,124,2.72278113648445
"241","2009","South Dakota",724778,42,5.79487787984735
"242","2009","Tennessee",6296254,169,2.68413567813497
"243","2009","Texas",24770372,165,0.666118377229054
"244","2009","Utah",2747172,48,1.74725135521183
"245","2009","Vermont",607236,24,3.9523348418078
"246","2009","Virginia",7882590,150,1.90292784478198
"247","2009","Washington",6651663,208,3.12703755436798
"248","2009","West Virginia",1674227,24,1.43349736923368
"249","2009","Wisconsin",5650571,54,0.955655631970645
"250","2009","Wyoming",539500,8,1.48285449490269
"251","2010","Alabama",3762738,19,0.504951447589495
"252","2010","Alaska",290334,7,2.41101627780418
"253","2010","Arizona",6328446,236,3.72919354925364
"254","2010","Arkansas",2752987,63,2.28842344696869
"255","2010","California",37200288,1092,2.93546114481694
"256","2010","Colorado",4908638,154,3.13732648445455
"257","2010","Connecticut",3574097,147,4.11292698547353
"258","2010","Delaware",897934,20,2.22733519390067
"259","2010","District of Columbia",601723,57,9.47279728380002
"260","2010","Florida",18705419,136,0.727062034803925
"261","2010","Georgia",7653795,17,0.222112037231204
"262","2010","Idaho",1554255,28,1.80150618785206
"263","2010","Illinois",10497883,94,0.895418628689232
"264","2010","Indiana",3720793,94,2.52634317469421
"265","2010","Iowa",2968611,17,0.572658391416053
"266","2010","Kansas",2230776,58,2.59999211036877
"267","2010","Kentucky",3202734,173,5.40163497811557
"268","2010","Louisiana",2617664,13,0.496625999364319
"269","2010","Maine",1328361,61,4.5921251828381
"270","2010","Maryland",5773552,80,1.38562881221127
"271","2010","Massachusetts",6296379,316,5.0187576065545
"272","2010","Michigan",9703717,304,3.13282013479989
"273","2010","Minnesota",2698621,127,4.70610730443438
"274","2010","Mississippi",794800,11,1.38399597382989
"275","2010","Missouri",5987789,142,2.37149305027281
"276","2010","Montana",981587,31,3.15815103500759
"277","2010","Nebraska",1534659,61,3.97482437466564
"278","2010","Nevada",2700551,68,2.51800465904921
"279","2010","New Hampshire",1155769,31,2.68219687498107
"280","2010","New Jersey",8790283,543,6.17727552116354
"281","2010","New Mexico",1130803,24,2.12238559678388
"282","2010","New York",19307186,699,3.62041366359655
"283","2010","North Carolina",9534813,94,0.985860970739542
"284","2010","North Dakota",659331,8,1.21335110892708
"285","2010","Ohio",9667899,247,2.55484671488604
"286","2010","Oklahoma",3713732,49,1.31942746541754
"287","2010","Oregon",3286084,134,4.07780202818918
"288","2010","Pennsylvania",12659293,57,0.450262111794079
"289","2010","Rhode Island",1052567,20,1.9001165721517
"290","2010","South Carolina",4614153,109,2.36229704563329
"291","2010","South Dakota",723676,51,7.04735268269225
"292","2010","Tennessee",6346105,147,2.31638146548158
"293","2010","Texas",25083730,174,0.693676737869527
"294","2010","Utah",2718676,63,2.31730445260855
"295","2010","Vermont",614990,17,2.76427258979821
"296","2010","Virginia",8001024,175,2.18722003583541
"297","2010","Washington",6717480,232,3.45367608091129
"298","2010","West Virginia",1713013,33,1.92643021389797
"299","2010","Wisconsin",5682402,93,1.63663183280592
"300","2010","Wyoming",559126,2,0.357701126400847
"301","2011","Alabama",2285487,83,3.63161111833058
"302","2011","Alaska",304924,8,2.62360457031916
"303","2011","Arizona",6225041,192,3.08431703502033
"304","2011","Arkansas",2804225,11,0.392265242624968
"305","2011","California",37691912,1040,2.75921263957106
"306","2011","Colorado",4992496,186,3.72559136752438
"307","2011","Connecticut",3580709,140,3.9098402020382
"308","2011","Delaware",907135,15,1.65355762923931
"309","2011","District of Columbia",617996,83,13.4305076408262
"310","2011","Florida",18945433,123,0.649232984012559
"311","2011","Georgia",8600353,17,0.197666305092361
"312","2011","Idaho",1583018,33,2.08462569598072
"313","2011","Illinois",9959109,69,0.692833063680697
"314","2011","Indiana",3701222,100,2.70181037505991
"315","2011","Iowa",2904419,15,0.516454409642686
"316","2011","Kansas",2426569,67,2.76110013768411
"317","2011","Kentucky",3581320,155,4.3280131348218
"318","2011","Louisiana",2448022,5,0.204246530464187
"319","2011","Maine",1328188,55,4.14098004198201
"320","2011","Maryland",5828289,49,0.840727012679021
"321","2011","Massachusetts",6361208,367,5.76934443898077
"322","2011","Michigan",9569653,346,3.61559609319168
"323","2011","Minnesota",3992533,148,3.70691989270972
"324","2011","Mississippi",748806,1,0.133545938467373
"325","2011","Missouri",6001755,117,1.9494297917859
"326","2011","Montana",988577,23,2.32657648316722
"327","2011","Nebraska",1478313,36,2.43520824074469
"328","2011","Nevada",2183002,59,2.70270022656873
"329","2011","New Hampshire",1176668,22,1.86968626664446
"330","2011","New Jersey",8819533,508,5.7599421647382
"331","2011","New Mexico",973183,28,2.87715671153319
"332","2011","New York",19297804,544,2.81897359927586
"333","2011","North Carolina",9655664,112,1.15994094243544
"334","2011","North Dakota",666780,27,4.04931161702511
"335","2011","Ohio",9879527,228,2.30780279258309
"336","2011","Oklahoma",3790684,29,0.765033434599138
"337","2011","Oregon",2437231,128,5.25186164134626
"338","2011","Pennsylvania",12565359,53,0.421794554377635
"339","2011","Rhode Island",1051302,20,1.90240292513474
"340","2011","South Carolina",4668211,135,2.89190013047825
"341","2011","South Dakota",731246,21,2.8718105808442
"342","2011","Tennessee",6403353,144,2.24882182818908
"343","2011","Texas",25629269,152,0.59307192881701
"344","2011","Utah",2775105,68,2.45035773421186
"345","2011","Vermont",619283,7,1.13033944093411
"346","2011","Virginia",8087318,144,1.78056557192384
"347","2011","Washington",6822528,213,3.12200990600552
"348","2011","West Virginia",1689892,18,1.0651568265901
"349","2011","Wisconsin",5669896,76,1.34041259310576
"350","2011","Wyoming",561000,2,0.35650623885918
"351","2012","Alabama",141235,6,4.24823875101781
"352","2012","Alaska",315266,6,1.90315479626728
"353","2012","Arizona",5974180,176,2.9460110006729
"354","2012","Arkansas",2748544,30,1.09148698365389
"355","2012","California",37933751,910,2.39891910504711
"356","2012","Colorado",5109141,189,3.69925198776076
"357","2012","Connecticut",3574937,149,4.16790561623883
"358","2012","Delaware",917092,10,1.09040314385034
"359","2012","District of Columbia",632323,72,11.3865856532184
"360","2012","Florida",19224398,144,0.749048162652479
"361","2012","Georgia",7696372,21,0.272855833891605
"362","2012","Idaho",1595241,35,2.19402585565441
"363","2012","Illinois",12297695,84,0.68305483263327
"364","2012","Indiana",2684625,37,1.37821855938911
"365","2012","Iowa",2935796,8,0.272498497852031
"366","2012","Kansas",2258766,81,3.58602883167181
"367","2012","Kentucky",3653352,194,5.31019184573509
"368","2012","Louisiana",2213017,4,0.180748724478845
"369","2012","Maine",1329192,52,3.91215114144533
"370","2012","Maryland",5884563,35,0.594776536507469
"371","2012","Massachusetts",5736749,157,2.73674166326608
"372","2012","Michigan",9666469,617,6.38288913976758
"373","2012","Minnesota",3834480,72,1.87769919258935
"374","2012","Mississippi",707165,18,2.54537484179788
"375","2012","Missouri",6019690,104,1.72766371690237
"376","2012","Montana",995410,36,3.61660019489457
"377","2012","Nebraska",673815,9,1.33567819060128
"378","2012","Nevada",2195232,91,4.14534773545575
"379","2012","New Hampshire",1186056,29,2.44507847858786
"380","2012","New Mexico",223466,2,0.894990736845874
"381","2012","New York",19222847,715,3.71953228364144
"382","2012","North Carolina",9750451,119,1.22045636658243
"383","2012","North Dakota",689607,41,5.94541528725782
"384","2012","Ohio",9841632,257,2.61135551502027
"385","2012","Oklahoma",1363283,21,1.54039916877127
"386","2012","Oregon",2015920,52,2.57946743918409
"387","2012","Pennsylvania",12635883,38,0.300730863050885
"388","2012","Rhode Island",1049246,12,1.14367841287934
"389","2012","South Carolina",4714086,148,3.13952694117163
"390","2012","South Dakota",756389,29,3.83400604715299
"391","2012","Tennessee",6456188,317,4.91001810975765
"392","2012","Texas",3484920,52,1.4921432916681
"393","2012","Utah",2799874,102,3.64302107880569
"394","2012","Vermont",622979,12,1.92622865297225
"395","2012","Virginia",8185867,134,1.63696771520964
"396","2012","Washington",6890640,272,3.94738369730533
"397","2012","West Virginia",1733977,27,1.55711407936783
"398","2012","Wisconsin",5682618,68,1.19663155256961
"399","2012","Wyoming",555285,2,0.360175405422441
"400","2013","Alabama",1147612,6,0.522824787471724
"401","2013","Alaska",730950,8,1.09446610575279
"402","2013","Arizona",6358545,155,2.43766459150639
"403","2013","Arkansas",2809536,27,0.961012779334381
"404","2013","California",38324460,843,2.19963960353257
"405","2013","Colorado",5163276,128,2.47904624893188
"406","2013","Connecticut",3566367,145,4.06576216076472
"407","2013","Delaware",925749,12,1.29624768700803
"408","2013","District of Columbia",646449,72,11.1377695688291
"409","2013","Florida",19455529,76,0.390634456662679
"410","2013","Georgia",7817674,57,0.729117126142635
"411","2013","Idaho",1611676,32,1.98551073540836
"412","2013","Illinois",12269532,105,0.85577836220648
"413","2013","Indiana",4034953,75,1.85875771043678
"414","2013","Iowa",2958457,10,0.338014039075099
"415","2013","Kansas",2665446,64,2.40109910311445
"416","2013","Kentucky",4334254,171,3.94531561832786
"417","2013","Louisiana",3237092,22,0.679622327694116
"418","2013","Maine",1328302,25,1.88210211232084
"419","2013","Maryland",5928814,51,0.860205767966409
"420","2013","Massachusetts",6496451,350,5.38755699073232
"421","2013","Michigan",9733958,329,3.37992006951335
"422","2013","Minnesota",4904213,144,2.93625093363604
"423","2013","Mississippi",1497332,4,0.267141822922371
"424","2013","Missouri",6040074,102,1.68872103222576
"425","2013","Montana",1000016,31,3.09995040079359
"426","2013","Nebraska",1511235,36,2.38215763928178
"427","2013","Nevada",2229342,73,3.27450880125167
"428","2013","New Hampshire",1178087,21,1.78255086424008
"429","2013","New Jersey",8898292,414,4.652578270077
"430","2013","New Mexico",888880,12,1.350013500135
"431","2013","New York",19515678,615,3.15131249859728
"432","2013","North Carolina",9845983,118,1.19845829512401
"433","2013","North Dakota",722021,51,7.06350646310841
"434","2013","Ohio",10376248,370,3.56583612882036
"435","2013","Oklahoma",3850568,41,1.06477797561295
"436","2013","Oregon",2301273,66,2.86797785399646
"437","2013","Pennsylvania",12657821,64,0.505616251011924
"438","2013","Rhode Island",1051511,7,0.665708680175481
"439","2013","South Carolina",4761406,51,1.0711121882906
"440","2013","South Dakota",767653,13,1.69347348346193
"441","2013","Tennessee",6495978,196,3.01725159783485
"442","2013","Texas",26304575,132,0.501813847971313
"443","2013","Utah",2883607,75,2.60090920850171
"444","2013","Vermont",623447,12,1.92478270005309
"445","2013","Virginia",8258337,119,1.44096807868219
"446","2013","Washington",6967181,291,4.17672513459891
"447","2013","West Virginia",1670269,56,3.35275335889009
"448","2013","Wisconsin",5691976,50,0.878429564706527
"449","2013","Wyoming",577987,1,0.173014271947293
"450","2014","Alabama",794907,9,1.13220791866218
"451","2014","Alaska",732371,6,0.81925690667708
"452","2014","Arkansas",2661818,8,0.300546468616562
"453","2014","California",38802500,759,1.95605953224663
"454","2014","Colorado",5268592,96,1.82211869888577
"455","2014","Connecticut",3375662,123,3.64372973360485
"456","2014","Delaware",935614,13,1.38946189347316
"457","2014","District of Columbia",658893,70,10.6238797498228
"458","2014","Florida",19794279,65,0.328377709539206
"459","2014","Georgia",8204655,41,0.499716319577118
"460","2014","Idaho",1634011,25,1.52997746037205
"461","2014","Illinois",12029618,109,0.906096935081397
"462","2014","Indiana",6093574,50,0.820536519290649
"463","2014","Iowa",2974604,11,0.369797122574971
"464","2014","Kansas",2843179,73,2.56754850820156
"465","2014","Kentucky",4386536,163,3.7159161579889
"466","2014","Louisiana",2706155,9,0.332575185087329
"467","2014","Maine",1330089,28,2.10512228880925
"468","2014","Maryland",5976407,16,0.267719383904075
"469","2014","Massachusetts",6485973,375,5.78170769443536
"470","2014","Michigan",9732430,311,3.19550204830654
"471","2014","Minnesota",5287138,98,1.8535547965648
"472","2014","Mississippi",1349655,1,0.0740930089541401
"473","2014","Missouri",6061406,76,1.2538345063835
"474","2014","Montana",992702,30,3.02205495707675
"475","2014","Nebraska",1763318,47,2.66542960486991
"476","2014","Nevada",2834483,24,0.846715256362448
"477","2014","New Hampshire",1238190,14,1.13068269005565
"478","2014","New Jersey",8936591,336,3.75982295709852
"479","2014","New Mexico",717010,13,1.81308489421347
"480","2014","New York",19652379,545,2.77320114781015
"481","2014","North Carolina",9942854,140,1.40804642208364
"482","2014","North Dakota",738176,40,5.41876192127623
"483","2014","Ohio",9711237,403,4.14983178764971
"484","2014","Oklahoma",3878051,33,0.850942909208775
"485","2014","Oregon",1526458,26,1.70328957626086
"486","2014","Pennsylvania",12587318,50,0.397225207148973
"487","2014","Rhode Island",1054130,4,0.379459838919298
"488","2014","South Carolina",4813088,49,1.018057430074
"489","2014","South Dakota",776484,18,2.31814177755111
"490","2014","Tennessee",6519911,194,2.97550073919721
"491","2014","Texas",26922758,145,0.538577808410268
"492","2014","Utah",2926391,50,1.70858918032484
"493","2014","Vermont",626306,15,2.39499541757543
"494","2014","Virginia",8324943,118,1.41742712232384
"495","2014","Washington",7051748,308,4.3677113816319
"496","2014","West Virginia",1648198,26,1.5774803755374
"497","2014","Wisconsin",5610210,51,0.909056880223735
"498","2014","Wyoming",579446,0,0
"499","2015","Alabama",1252146,10,0.79862891388065
"500","2015","Alaska",734820,8,1.08870199504641
"501","2015","Arizona",6622880,276,4.16737129466335
"502","2015","Arkansas",2754543,5,0.181518313564174
"503","2015","California",39137326,837,2.13862336941466
"504","2015","Colorado",5445853,107,1.96479780118927
"505","2015","Connecticut",3399068,93,2.73604411562228
"506","2015","Delaware",945934,11,1.16287182826709
"507","2015","District of Columbia",672228,65,9.66933837924038
"508","2015","Florida",5356877,72,1.34406670155018
"509","2015","Georgia",7991234,44,0.550603323591826
"510","2015","Idaho",1654475,34,2.05503256319981
"511","2015","Illinois",12501008,90,0.719941943881645
"512","2015","Indiana",3224755,63,1.95363678791102
"513","2015","Iowa",3105094,6,0.193230865152553
"514","2015","Kansas",2741323,62,2.26168167705885
"515","2015","Kentucky",4402368,188,4.27042900548069
"516","2015","Louisiana",3711824,38,1.02375543668019
"517","2015","Maine",1329328,38,2.85858719593659
"518","2015","Maryland",6006401,41,0.682605107451201
"519","2015","Massachusetts",6566279,411,6.25925276705422
"520","2015","Michigan",9834270,309,3.14207358553304
"521","2015","Minnesota",5218435,109,2.08874882986949
"522","2015","Mississippi",763830,0,0
"523","2015","Missouri",6079483,100,1.64487671073346
"524","2015","Montana",1023807,45,4.39535967228198
"525","2015","Nebraska",1821196,19,1.0432704662211
"526","2015","Nevada",2890845,58,2.00633378821763
"527","2015","New Hampshire",1267715,13,1.02546708053466
"528","2015","New Jersey",8956395,330,3.684518157138
"529","2015","New Mexico",574972,13,2.26097966509674
"530","2015","New York",19766342,500,2.52955250900748
"531","2015","North Carolina",10041690,161,1.60331577652766
"532","2015","North Dakota",756927,36,4.75607291059772
"533","2015","Ohio",9781677,416,4.25284948582947
"534","2015","Oklahoma",3896985,37,0.949451948108602
"535","2015","Oregon",1671416,65,3.88891813887147
"536","2015","Pennsylvania",12550581,64,0.5099365519413
"537","2015","Rhode Island",1056298,18,1.70406457268687
"538","2015","South Carolina",4826241,55,1.13960326473543
"539","2015","South Dakota",782152,16,2.04563818797369
"540","2015","Tennessee",6600299,221,3.34833315884629
"541","2015","Texas",27390337,191,0.697326213985611
"542","2015","Utah",2966781,47,1.58420860858958
"543","2015","Vermont",626042,8,1.27786953590973
"544","2015","Virginia",8380278,158,1.885378981461
"545","2015","Washington",7163444,275,3.83893557344763
"546","2015","West Virginia",1494503,41,2.74338693197672
"547","2015","Wisconsin",5580752,43,0.770505480265025
"548","2015","Wyoming",564577,2,0.354247516282101
"549","2016","Alabama",1013839,14,1.3808898651561
"550","2016","Alaska",738566,11,1.48937264916067
"551","2016","Arizona",6361910,213,3.34805113558664
"552","2016","Arkansas",2853645,12,0.420514815262585
"553","2016","California",39242633,931,2.37241981189183
"554","2016","Colorado",5519770,104,1.88413647670102
"555","2016","Connecticut",3576452,106,2.96383119359633
"556","2016","Delaware",952065,15,1.57552267964897
"557","2016","District of Columbia",681170,115,16.8827165024884
"558","2016","Florida",8988095,96,1.06807949849217
"559","2016","Georgia",8216137,39,0.474675629191675
"560","2016","Idaho",1683140,27,1.60414463443326
"561","2016","Illinois",12373460,111,0.897081333757898
"562","2016","Indiana",2874580,78,2.71343987643412
"563","2016","Iowa",3113786,17,0.545959163539177
"564","2016","Kansas",2591338,49,1.89091504080132
"565","2016","Kentucky",4427530,206,4.65270703981678
"566","2016","Louisiana",3560451,26,0.730244567331498
"567","2016","Maine",1331479,40,3.00417806063783
"568","2016","Maryland",6016447,37,0.614980901518787
"569","2016","Massachusetts",6637616,391,5.89066918001885
"570","2016","Michigan",9847710,399,4.05170339094064
"571","2016","Minnesota",5178985,119,2.29774753161092
"572","2016","Mississippi",585454,7,1.19565328787573
"573","2016","Missouri",6089857,88,1.44502572063679
"574","2016","Montana",1042048,20,1.91929738361381
"575","2016","Nebraska",1846626,31,1.67873732959462
"576","2016","Nevada",2940058,41,1.39453031198704
"577","2016","New Hampshire",1275170,28,2.19578565995122
"578","2016","New Jersey",8942857,282,3.15335468296094
"579","2016","New Mexico",576958,26,4.50639387962382
"580","2016","New York",19738790,595,3.01436916852553
"581","2016","North Carolina",10145637,148,1.45875512794317
"582","2016","North Dakota",757493,8,1.05611537004302
"583","2016","Ohio",9573452,442,4.61693441404417
"584","2016","Oklahoma",3869095,33,0.852912632023768
"585","2016","Oregon",3547910,104,2.93130321795085
"586","2016","Pennsylvania",12644372,61,0.482428071556262
"587","2016","Rhode Island",1056426,12,1.13590540179814
"588","2016","South Carolina",4936962,23,0.465873547335386
"589","2016","South Dakota",787337,18,2.28618749023607
"590","2016","Tennessee",6651194,142,2.13495501709919
"591","2016","Texas",27862596,178,0.638849301766425
"592","2016","Utah",3014190,66,2.18964298866362
"593","2016","Vermont",624594,25,4.00260008901783
"594","2016","Virginia",8411424,122,1.45040839696109
"595","2016","Washington",7282106,387,5.3143966868925
"596","2016","West Virginia",1621366,41,2.52873194577905
"597","2016","Wisconsin",5652781,34,0.601473858619324
"598","2016","Wyoming",556446,3,0.539135873022719
"599","2017","Alabama",2918324,9,0.308396189045493
"600","2017","Alaska",736205,4,0.543326926603324
"601","2017","Arizona",6755795,264,3.90775623002178
"602","2017","Arkansas",2836240,7,0.246805629988999
"603","2017","California",39529144,1094,2.76757827085757
"604","2017","Colorado",5575629,106,1.90113079618461
"605","2017","Connecticut",3588184,111,3.09348684459883
"606","2017","Delaware",961939,29,3.01474417816514
"607","2017","District of Columbia",693972,193,27.8109203253157
"608","2017","Florida",20515334,145,0.706788395450934
"609","2017","Georgia",8948013,27,0.301742967963949
"610","2017","Idaho",1699259,53,3.11900657874991
"611","2017","Illinois",12270234,82,0.668283913737912
"612","2017","Indiana",2287298,55,2.40458392391372
"613","2017","Iowa",3104739,11,0.354297092283764
"614","2017","Kansas",2620785,75,2.86173799071652
"615","2017","Kentucky",4444239,378,8.5053931617989
"616","2017","Louisiana",3764930,26,0.690583888677877
"617","2017","Maine",1335907,32,2.39537632484896
"618","2017","Maryland",6052177,48,0.793103043747729
"619","2017","Massachusetts",6703220,427,6.37007289034225
"620","2017","Michigan",9928921,456,4.59264405467623
"621","2017","Minnesota",5508515,146,2.65044208829421
"622","2017","Mississippi",682046,1,0.146617676813587
"623","2017","Missouri",6109596,105,1.71860790795332
"624","2017","Montana",1050005,15,1.42856462588273
"625","2017","Nebraska",1865845,45,2.41177589778358
"626","2017","Nevada",2998039,5,0.166775682371043
"627","2017","New Hampshire",1295556,13,1.00343018750251
"628","2017","New Jersey",9005644,495,5.49655305050921
"629","2017","New Mexico",561375,7,1.24693832108662
"630","2017","New York",19685625,552,2.80407657872178
"631","2017","North Carolina",10271767,166,1.6160802712912
"632","2017","North Dakota",754604,15,1.98779757329672
"633","2017","Ohio",9703884,380,3.91595777525782
"634","2017","Oklahoma",3916111,37,0.944814894164134
"635","2017","Oregon",3902529,146,3.74116374279345
"636","2017","Pennsylvania",12730580,78,0.612697928923898
"637","2017","Rhode Island",1059639,11,1.03808938704597
"638","2017","South Carolina",4996532,87,1.74120770166187
"639","2017","South Dakota",799083,17,2.12743857646828
"640","2017","Tennessee",6715984,136,2.02501971416251
"641","2017","Texas",28096894,190,0.676231330053777
"642","2017","Utah",3056326,78,2.55208377640343
"643","2017","Vermont",623657,34,5.45171464442795
"644","2017","Virginia",8467744,193,2.27923753953828
"645","2017","Washington",7396166,510,6.89546448795227
"646","2017","West Virginia",1591058,31,1.94838905935547
"647","2017","Wisconsin",5767235,46,0.797609252960908
"648","2017","Wyoming",553149,4,0.723132465212809
